"User Institution ID","User Institution Name","latitude","longitude","active_person_count","total_ace","running_job_count"
"11","Kennesaw State U - Kennesaw State University","34.0385060000","-84.5848150000","1","11125.959198951","3"
"15","IUPU Fort Wayne - Indiana University-Purdue University Fort Wayne","41.0644740000","-85.1738570000","18","5211.054962879","1"
"16","Valparaiso U - Valparaiso University","41.4624650000","-87.0430600000","7","532.909102252","1"
"21","U Mass, Lowell - University of Massachusetts, Lowell","42.6560000000","-71.3303120000","8","3779747.208185164","17"
"28","U Montana - University of Montana","46.8611910000","-113.9845020000","1","742484.871171002","1"
"32","Barnard College - Barnard College","40.8095190000","-73.9635510000","2","6.363466217","1"
"35","SUNY Buffalo - SUNY at Buffalo","42.9559680000","-78.8205320000","8","453789.256971738","12"
"41","St Vincent College - Saint Vincent College","40.2948870000","-79.4061660000","1","242.310811653","4"
"49","WV State U - West Virginia State University","38.3828150000","-81.7662640000","12","1096.138249422","1"
"57","Tuskegee U - Tuskegee University","32.4305780000","-85.7039880000","1","322026.701603343","1"
"58","U Alabama - University of Alabama","33.2094380000","-87.5414930000","10","3199995.258593798","200"
"59","U Alabama, Birmingham - University of Alabama, Birmingham","33.5019030000","-86.8048300000","4","279122.715078919","10"
"60","U Alabama, Huntsville - University of Alabama, Huntsville","34.7265230000","-86.6396956000","6","4422314.804416994","2"
"61","U South Alabama - University of South Alabama","30.6965030000","-88.1796710000","3","182493.979661862","1"
"63","Arizona State U - Arizona State University","33.4197750000","-111.9294500000","22","3079856.385301640","21"
"64","U Arizona - University of Arizona","32.2316470000","-110.9566570000","11","3857873.479318734","1"
"65","Arkansas State U - Arkansas State University","35.8428240000","-90.6802190000","1","61038.742279618","8"
"67","U Arkansas - University of Arkansas","36.0684140000","-94.1688600000","5","4454651.194709588","1"
"68","Caltech - California Institute of Technology","34.1367810000","-118.1252660000","39","17555330.089213300","44"
"70","CSU-Fullerton - California State University-Fullerton","33.8805560000","-117.8852780000","6","718863.185476324","1"
"72","CSU-Long Beach - California State University-Long Beach","33.7830220000","-118.1128580000","1","106.806413375","1"
"73","CSU-Los Angeles - California State University-Los Angeles","34.0666670000","-118.1677780000","90","33115.852517312","3"
"74","CSU-Dominguez Hills - California State University-Dominguez Hills","33.8634680000","-118.2531940000","2","196.394035810","1"
"75","CSU-San Bernardino - California State University-San Bernardino","34.1748019000","-117.3190430000","9","294.591053715","1"
"78","Cal Poly - California Polytechnic State University, San Luis Obispo","35.3001130000","-120.6615970000","19","69043.483685819","6"
"79","CSU-Chico - California State University-Chico","39.7284640000","-121.8440200000","8","12375.569280678","1"
"80","CSU-Fresno - California State University-Fresno","36.8119810000","-119.7454270000","5","33078.669910786","1"
"82","CSU-Sacramento - California State University-Sacramento","38.5602220000","-121.4241110000","1","320.918335516","1"
"83","San Diego State U - San Diego State University","32.8546720000","-117.2045330000","7","263060.952024455","1"
"85","San Francisco State U - San Francisco State University","37.7262772000","-122.4792744000","1","13.600349366","1"
"86","San Jose State U - San Jose State University","37.3361450000","-121.8825780000","3","514.317798989","1"
"87","Sonoma State U - Sonoma State University","38.3365880000","-122.6742070000","1","140840.726183791","16"
"90","Harvey Mudd College - Harvey Mudd College","34.1057350000","-117.7068590000","19","871223.532347619","14"
"92","Pomona College - Pomona College","34.0973040000","-117.7135880000","2","2749.391727493","1"
"94","Pasadena City College - Pasadena City College","34.1438940000","-118.1184960000","1","134.131885956","2"
"95","Salk Institute - Salk Institute for Biological Studies","32.8872220000","-117.2461110000","6","2334007.486430844","1"
"97","Stanford - Stanford University","37.4319850000","-122.1710710000","26","18374210.867802108","4"
"98","Naval Postgrad School - Naval Postgraduate School","36.5984750000","-121.8735480000","2","1025302.638966872","1"
"100","UC Berkeley - University of California, Berkeley","37.8754404000","-122.2455364000","102","8807942.354482500","1"
"101","UC Davis - University of California, Davis","38.5362290000","-121.7505060000","51","7652821.635785139","1"
"102","UC Irvine - University of California, Irvine","33.6387024000","-117.8370041000","21","1413641.399962567","5"
"103","UCLA - University of California, Los Angeles","34.0719880000","-118.4430460000","63","23240057.770291346","2"
"104","UC Riverside - University of California, Riverside","33.9701736000","-117.3293277000","23","4584507.704785077","3"
"105","UC San Diego - University of California, San Diego","32.8751050000","-117.2397840000","228","18483625.304136253","1"
"107","UC Santa Barbara - University of California, Santa Barbara","34.4148210000","-119.8395540000","101","15775622.060016220","2"
"108","UC Santa Cruz - University of California, Santa Cruz","37.0000000000","-122.0600000000","23","791588.371077422","4"
"109","U San Francisco - University of San Francisco","37.7758770000","-122.4506580000","1","32384.802545386","1"
"111","USC - University of Southern California","34.0185030000","-118.2833010000","18","1410053.028885145","1"
"112","U Pacific - University of the Pacific","37.9768720000","-121.3158540000","6","168847.463971551","1"
"113","Westmont College - Westmont College","34.4497790000","-119.6601060000","5","61945.972924075","1"
"114","Colorado College - Colorado College","38.8467270000","-104.8238590000","1","0.873416931","1"
"115","Colorado Sch of Mines - Colorado School of Mines","39.7508590000","-105.2223990000","18","1180571.713768794","11"
"116","U Northern Colorado - University of Northern Colorado","40.4037410000","-104.7030260000","1","17513.381995133","4"
"117","Colorado State U - Colorado State University","40.5746950000","-105.0808240000","23","2472951.400586437","23"
"118","Fort Lewis College - Fort Lewis College","37.2752250000","-107.8708190000","1","94.204254788","2"
"120","Metro State U Denver - Metropolitan State University of Denver","39.7420320000","-105.0036070000","6","137.999875226","1"
"124","U New Haven - University of New Haven","41.2912990000","-72.9614410000","1","118.285607336","1"
"126","Southern Conn State U - Southern Connecticut State University","41.3326280000","-72.9465900000","1","466154.594796930","1"
"130","Yale U - Yale University","41.3093750000","-72.9294520000","46","3194947.158275625","1"
"131","UDEL - University of Delaware","38.7799740000","-75.1629440000","29","18289014.161831680","1"
"134","Gallaudet U - Gallaudet University","38.9054580000","-76.9950670000","1","258858.194522428","2"
"135","George Washington U - George Washington University","38.9008460000","-77.0475780000","8","1501614.324037681","2"
"136","Georgetown U - Georgetown University","38.9072870000","-77.0733840000","7","1377901.054339010","1"
"137","Howard U - Howard University","38.9212171000","-77.0204624000","20","5321869.237007923","1"
"140","Florida Atlantic U - Florida Atlantic University","26.3718100000","-80.1013310000","2","6027.575020275","1"
"141","Florida State U - Florida State University","28.2806600000","-82.6656080000","13","1988987.585002183","12"
"143","U Florida - University of Florida","29.6474490000","-82.3393920000","12","6664893.131199700","1"
"144","U Miami - University of Miami","25.7173947000","-80.2781262000","16","2298967.122091209","3"
"145","U South Florida - University of South Florida","28.0618100000","-82.4138550000","3","187620.313182356","1"
"147","Clark Atlanta U - Clark Atlanta University","33.7540100000","-84.4097600000","3","382818.516438954","24"
"148","Columbus State U - Columbus State University","32.5022790000","-84.9415790000","1","11401.584627862","1"
"150","Emory U - Emory University","33.7911110000","-84.3233330000","6","15181.982656435","778"
"152","Georgia State U - Georgia State University","33.7537270000","-84.3847000000","9","239154.158088464","1"
"154","Morehouse College - Morehouse College","33.7482450000","-84.4162030000","2","28.323663360","1"
"157","U Georgia - University of Georgia","33.9567460000","-83.3748190000","2","40912.720693742","1"
"159","U Hawaii, Manoa - University of Hawaii, Manoa","21.2963600000","-157.8212160000","8","1372296.836982968","1"
"160","Boise State U - Boise State University","43.6036780000","-116.2036830000","1","0","1"
"167","Eastern Illinois U - Eastern Illinois University","39.4836410000","-88.1752210000","1","2.745024642","50"
"170","IIT - Illinois Institute of Technology","41.8344300000","-87.6287070000","18","2491373.635286044","2"
"171","Illinois State U - Illinois State University","37.9363900000","-88.6094400000","28","10711.086156341","1"
"173","Lake Forest College - Lake Forest College","42.2499080000","-87.8289160000","1","8.359847775","1"
"174","Loyola U Chicago - Loyola University Chicago","41.8971690000","-87.6237740000","9","561222.783704535","1"
"177","Northern Illinois U - Northern Illinois University","41.9332790000","-88.7652790000","1","8791.690061763","2"
"178","Northwestern U - Northwestern University","42.0565190000","-87.6752220000","28","9194518.061014411","1"
"180","SIU Carbondale - Southern Illinois University, Carbondale","37.7101910000","-89.2172650000","1","1631.792376317","6"
"183","U Chicago - University of Chicago","41.7900510000","-87.5988910000","40","13244232.578451556","1"
"184","UIUC - University of Illinois at Urbana-Champaign","40.1075210000","-88.2271690000","843","84727637.531973298","1"
"185","U Illinois, Chicago - University of Illinois at Chicago","41.8718320000","-87.6482740000","31","3495817.830182793","1"
"186","Western Illinois U - Western Illinois University","40.4654290000","-90.6861050000","2","13577.890074240","1"
"188","Ball State U - Ball State University","40.1982660000","-85.4089890000","5","554.619751700","1"
"192","IUPUI - Indiana University-Purdue University Indianapolis","39.7732569000","-86.1764475000","28","4391.290785451","4"
"194","U Notre Dame - University of Notre Dame","41.6968370000","-86.2375120000","16","161621.311373136","2"
"195","Wabash College - Wabash College","38.4291070000","-87.7814360000","2","32.940295714","1"
"198","Iowa State U - Iowa State University","42.0231620000","-93.6464300000","32","5268891.509139684","1"
"201","U Northern Iowa - University of Northern Iowa","42.5144400000","-92.4599130000","1","93074.302826127","1"
"202","U Iowa - University of Iowa","41.6618875000","-91.5462877000","22","6491.484184914","2"
"205","Kansas State U - Kansas State University","39.1886580000","-96.5810420000","1","0.873416931","1"
"209","U Louisville - University of Louisville","38.2175100000","-85.7611510000","5","219364.152473641","5"
"213","U New Orleans - University of New Orleans","29.9541680000","-90.0727850000","1","184968.619377378","5"
"216","Tulane U - Tulane University","29.9353880000","-90.1226750000","5","1977646.266142616","1"
"217","Xavier U - Xavier University of Louisiana","29.9652190000","-90.1069940000","3","29870.734294091","1"
"221","U Maine - University of Maine","44.8975300000","-68.6660230000","2","174396.531287042","1"
"222","Bowie State U - Bowie State University","39.0179880000","-76.7628970000","5","19906.294840601","15"
"225","Johns Hopkins U - Johns Hopkins University","39.3291480000","-76.6205250000","22","5511894.441325098","4"
"228","Morgan State U - Morgan State University","39.3460266000","-76.5827767000","1","256.285482562","1"
"229","U Maryland - University of Maryland, College Park","38.9908487000","-76.9441410000","15","2468984.839977540","1"
"230","U Maryland, Baltimore - University of Maryland, Baltimore","39.2553811000","-76.7076768000","2","13.974670908","1"
"231","U Maryland, Baltimore Co - University of Maryland, Baltimore County","39.2553811000","-76.7076768000","1","66938.923201696","6"
"234","Merrimack College - Merrimack College","42.6716200000","-71.1223400000","1","42211.491671345","3"
"235","Boston College - Boston College","42.3496340000","-71.0996880000","1","55593.861126707","1"
"236","Boston U - Boston University","42.3496340000","-71.0996880000","10","1650816.145735853","11"
"237","Brandeis U - Brandeis University","42.3662990000","-71.2578590000","8","9063889.824692744","2"
"238","Clark U - Clark University","42.2509770000","-71.8231690000","1","19363.902925946","2"
"240","Harvard U - Harvard University","42.3800977000","-71.1166286000","14","2885600.224592925","18"
"243","MIT - Massachusetts Institute of Technology","42.3605390000","-71.0900740000","79","23226629.359286293","1"
"245","Northeastern U - Northeastern University","42.3391030000","-71.0879910000","53","3577111.360658805","1"
"247","Smith College - Smith College","42.3178320000","-72.6387990000","1","0.998190779","1"
"248","U Mass, Dartmouth - University of Massachusetts, Dartmouth","41.6289670000","-71.0063390000","40","7099598.602532909","2"
"250","Tufts U - Tufts University","42.4070050000","-71.1193120000","9","306824.006488240","1"
"251","U Mass, Amherst - University of Massachusetts, Amherst","42.3948500000","-72.5220210000","3","30780.834737039","1"
"255","WPI - Worcester Polytechnic Institute","42.2729940000","-71.8106890000","9","423421.797991141","2"
"256","Calvin College - Calvin College","42.9311880000","-85.5879410000","1","5.240501590","1"
"257","Central Michigan U - Central Michigan University","43.5898020000","-84.7774900000","1","833.114979100","1"
"262","Michigan State U - Michigan State University","42.4409920000","-84.0254060000","23","19646267.889450371","1"
"263","Michigan Tech - Michigan Technological University","47.1188250000","-88.5472810000","3","410088.215110112","2"
"265","U Detroit Mercy - University of Detroit Mercy","42.4125590000","-83.1397140000","24","33133.570403643","1"
"267","Wayne State U - Wayne State University","42.3219680000","-83.2358290000","3","126952.024455674","1"
"268","W Michigan U - Western Michigan University","42.2831778000","-85.6152186000","1","0.249547694","2"
"274","Mississippi State U - Mississippi State University","33.4537470000","-88.7900490000","3","200357.601846652","1"
"280","U Missouri, Columbia - University of Missouri, Columbia","38.9470820000","-92.3287550000","8","1644672.905359036","1"
"281","Missouri S&T - Missouri University of Science and Technology","37.9536140000","-91.7770340000","5","679595.732734418","7"
"282","U Missouri, Kansas City - University of Missouri, Kansas City","39.0375780000","-94.5791080000","7","444652.068126520","1"
"284","Washington U - Washington University in St. Louis","38.6479700000","-90.3047800000","19","3112556.366585563","1"
"285","Montana State U - Montana State University","45.6665470000","-111.0481020000","4","346583.692058144","2"
"290","U Nebraska, Lincoln - University of Nebraska, Lincoln","40.8180330000","-96.7015370000","3","471746.334768232","2"
"292","UNLV - University of Nevada, Las Vegas","36.1082300000","-115.1396100000","8","598648.200137251","1"
"293","Dartmouth College - Dartmouth College","43.7050910000","-72.2886030000","2","445375.881215297","2"
"294","U New Hampshire - University of New Hampshire","43.1362410000","-70.9296220000","2","451754.819389855","1"
"299","NJIT - New Jersey Institute of Technology","40.7432140000","-74.1762580000","20","2063131.948343627","1"
"301","Princeton U - Princeton University","40.3440340000","-74.6569130000","21","22321558.799675587","2"
"305","Stevens Inst of Tech - Stevens Institute of Technology","40.7460800000","-74.0251970000","16","1124512.945286667","5"
"307","New Mexico Highlands U - New Mexico Highlands University","35.5946160000","-105.2189140000","1","139610.081726870","1"
"308","New Mexico Tech - New Mexico Institute of Mining and Technology","34.0648450000","-106.9031940000","4","326292.968993698","1"
"309","NM State U - New Mexico State University","32.2829890000","-106.7487540000","21","1385575.394597292","1"
"310","U New Mexico - University of New Mexico","35.0819280000","-106.6190020000","37","244255.037744088","5"
"312","CUNY - City University of New York","40.8204940000","-73.9483060000","7","159152.910349990","1"
"313","CUNY Brooklyn College - CUNY Brooklyn College","40.5770160000","-73.9352473000","3","159102.127394098","2"
"314","CUNY City College - CUNY The City College of New York","40.8166412000","-73.9514121000","3","521645.143177989","71"
"315","CUNY Hunter College - CUNY Hunter College","40.7690240000","-73.9651630000","4","8913.718884521","1"
"317","Clarkson U - Clarkson University","44.6637080000","-74.9785450000","15","182371.701291409","2"
"320","Columbia U - Columbia University in the City of New York","40.8082240000","-73.9618890000","67","53777473.703911660","5"
"321","Cooper Union College - Cooper Union College","40.8765649000","-77.8367282000","1","25954.332771851","3"
"325","Ithaca College - Ithaca College","42.4216700000","-76.5010820000","2","54.900492856","1"
"327","Manhattan College - Manhattan College","40.8901790000","-73.9019880000","3","444147.857009170","6"
"328","NYU - New York University","40.7294270000","-73.9973180000","23","459386.112670784","1"
"330","RPI - Rensselaer Polytechnic Institute","42.7300000000","-73.6775000000","16","2145866.866304822","1"
"332","RIT - Rochester Institute of Technology","43.0839390000","-77.6761910000","14","4151694.553621560","2"
"333","Rockefeller U - Rockefeller University","40.7626054000","-73.9554531000","1","42908.228835236","1"
"334","Skidmore College - Skidmore College","43.0987130000","-73.7843810000","9","149.978164576","3"
"338","SUNY Binghamton - SUNY at Binghamton","42.1337750000","-75.9626830000","31","7239099.257595607","1"
"339","SUNY Downstate Med Ctr - SUNY Downstate Health Sciences University","40.6548290000","-73.9441870000","5","98836.858194522","10"
"349","SUNY ESF - SUNY College of Environmental Science and Forestry","43.0339830000","-76.1392230000","1","11.728741655","1"
"355","Union College - Union College","42.8151460000","-73.9305130000","1","419991.265830681","4"
"357","U Rochester - University of Rochester","43.1206800000","-77.6266790000","4","5387994.634724561","2"
"361","NC A&T State U - North Carolina A&T State University","36.0778870000","-79.7708780000","4","274906.731549067","2"
"365","Duke U - Duke University","36.0005190000","-78.9388620000","10","664580.073616569","1"
"367","Fayetteville State U - Fayetteville State University","35.0714220000","-78.8941390000","6","6265.643521117","1"
"369","UNC Pembroke - University of North Carolina, Pembroke","34.6899580000","-79.2007760000","2","8505.084534281","2"
"371","NC State U - North Carolina State University","35.1374140000","-78.8752370000","21","2231249.734855574","3"
"372","UNC - University of North Carolina, Chapel Hill","35.9138430000","-79.0506010000","11","3131209.432902863","1"
"373","UNC Charlotte - University of North Carolina, Charlotte","35.3008330000","-80.7381150000","3","41034.125647264","2"
"374","UNC Greensboro - University of North Carolina, Greensboro","36.0778870000","-79.7708780000","1","143.739472206","1"
"379","CWRU - Case Western Reserve University","41.5043270000","-81.6095760000","9","325545.448873916","3"
"381","Cleveland State U - Cleveland State University","41.5091257000","-81.6089873000","1","67376.629858381","3"
"387","Oberlin College - Oberlin College","41.2929610000","-82.2218300000","2","260469.898309314","2"
"389","U Toledo - University of Toledo","41.6585890000","-83.6143270000","1","183586.249922016","1"
"390","Youngstown State U - Youngstown State University","41.1067590000","-80.6466740000","34","24306.569343065","1"
"393","Oregon State U - Oregon State University","44.5641010000","-123.2750430000","11","6014339.384864932","1"
"394","Portland State U - Portland State University","45.5115660000","-122.6858080000","4","80386.424605402","1"
"395","Reed College - Reed College","45.4820170000","-122.6326040000","3","1131747.208185164","1"
"396","U Oregon - University of Oregon","44.0438730000","-123.0727500000","1","5478.570091708","10"
"397","Allegheny College - Allegheny College","41.6481420000","-80.1459590000","3","21972.799301266","1"
"399","Bucknell U - Bucknell University","40.9568190000","-76.8876930000","2","3722.003867989","1"
"400","CMU - Carnegie Mellon University","40.4437580000","-79.9435540000","678","68503183.854264146","1"
"402","Chatham U - Chatham University","40.4491050000","-79.9258120000","5","139694.054526171","1"
"404","Drexel U - Drexel University","39.9545200000","-75.1886500000","19","247164.514317798","8"
"411","Haverford College - Haverford College","40.0104490000","-75.3058040000","1","591.053715141","2"
"412","Thomas Jefferson U - Thomas Jefferson University","39.9480960000","-75.1586760000","1","307016.657308628","805"
"415","Lehigh U - Lehigh University","40.6066550000","-75.3806480000","9","567468.837731611","1"
"425","Slippery Rock U - Slippery Rock University","41.0616740000","-80.0453920000","1","4.616632353","1"
"429","Swarthmore College - Swarthmore College","39.9058700000","-75.3548920000","4","953.396967995","3"
"430","Temple U - Temple University","39.9807070000","-75.1557260000","11","8699226.526919957","2"
"431","U Pennsylvania - University of Pennsylvania","39.9521970000","-75.1918490000","43","3012233.701416183","2"
"433","Ursinus College - Ursinus College","40.1945420000","-75.4570030000","1","381841.287666105","1"
"434","Villanova U - Villanova University","40.0362280000","-75.3416410000","11","119826.065256722","3"
"438","Brown U - Brown University","41.8261630000","-71.4032470000","17","266809.158400399","1"
"439","U Rhode Island - University of Rhode Island","41.4846450000","-71.5254950000","4","1061681.951462973","1"
"442","Med U of SC - Medical University of South Carolina","32.7871210000","-79.9525910000","1","39925.884334643","2"
"446","SD State U - South Dakota State University","42.7860350000","-96.9253400000","1","292.220350614","1"
"447","E Tenn State U - East Tennessee State University","35.9530440000","-83.9268180000","20","15795.370890261","2"
"449","Middle Tenn State U - Middle Tennessee State University","35.8432910000","-86.3701410000","43","226326.782706344","5"
"452","Tennessee Tech - Tennessee Technological University","35.9812420000","-85.0038110000","2","55.025266704","1"
"453","NICS - University of Tennessee, Knoxville","35.9496697000","-83.9294330000","20","4868958.387921891","1"
"455","Vanderbilt U - Vanderbilt University","36.1418890000","-86.7986760000","10","756347.994260403","1"
"456","Texas A&M Commerce - Texas A&M University, Commerce","33.2447960000","-95.9114550000","1","49.410443571","1"
"457","UT Dallas - University of Texas at Dallas","32.9878400000","-96.7506920000","19","2742765.612327656","1"
"458","Lamar U - Lamar University","30.0424740000","-94.0725350000","4","1567.409071058","3"
"459","U North Texas - University of North Texas","33.2113630000","-97.1467300000","10","358927.818329278","2"
"460","UT Rio Grande Valley - University of Texas Rio Grande Valley","32.2755210000","-106.7355870000","4","112572.212864183","2"
"461","Rice U - Rice University","29.7180610000","-95.4029090000","21","7478492.856697236","1"
"463","S Methodist U - Southern Methodist University","32.8441140000","-96.7848740000","1","1830.307567533","2"
"465","Prairie View A&M - Prairie View A&M University","30.6186470000","-96.3360510000","34","209445.879343689","1"
"467","TAMU - Texas A&M University","30.6186470000","-96.3360510000","78","8555008.796556241","1"
"469","Texas A&M Kingsville - Texas A&M University, Kingsville","27.5257060000","-97.8824400000","2","269.885831929","2"
"470","Texas Southern U - Texas Southern University","29.7223280000","-95.3588740000","2","513.444382057","1"
"471","Texas Tech U - Texas Tech University","33.5923280000","-101.8963480000","14","22511267.827063447","1"
"473","U Houston - University of Houston","29.7214300000","-95.3418530000","11","390955.019028011","2"
"474","UT Arlington - University of Texas at Arlington","32.7293990000","-97.1151790000","84","6104494.728304947","4"
"476","TACC - University of Texas at Austin","30.2857580000","-97.7358800000","65","15674222.346996069","4"
"477","UT El Paso - University of Texas at El Paso","31.8368720000","-106.5165250000","137","321709.401709401","12"
"479","U Utah - University of Utah","40.7652220000","-111.8442520000","13","4144632.353858631","2"
"483","U Vermont - University of Vermont","44.4797940000","-73.1959240000","2","33003.181733108","5"
"487","ODU - Old Dominion University","36.8899770000","-76.3046640000","1","1905.795745211","1"
"492","U Virginia - University of Virginia","38.0356050000","-78.5060260000","9","12237241.375007798","1"
"494","George Mason U - George Mason University","38.8298280000","-77.3072230000","9","1641357.414685881","1"
"495","Virginia Tech - Virginia Polytechnic Institute and State University","37.2284270000","-80.4235160000","11","439251.232141743","4"
"500","U Washington - University of Washington","47.6539100000","-122.3061790000","52","4607439.765425166","1"
"501","Washington State U - Washington State University","46.7263380000","-117.1678200000","8","1391491.796119533","7"
"504","Marshall U - Marshall University","38.4234910000","-82.4291130000","13","3122.465531224","1"
"505","WVU Tech - West Virginia University Institute of Technology","38.1795640000","-81.3366900000","1","181768.669286917","1"
"506","West Virginia U - West Virginia University","39.6346820000","-79.9541130000","14","6041834.549878345","204"
"510","Marquette U - Marquette University","43.0383520000","-87.9275330000","1","22359.972549753","1"
"514","U Wisconsin-Madison - University of Wisconsin-Madison","43.0758710000","-89.3999270000","47","23272011.853515503","1"
"515","U Wisconsin-Milwaukee - University of Wisconsin-Milwaukee","43.0757780000","-87.8820480000","2","93803.231642647","3"
"521","U Wisconsin-Whitewater - University of Wisconsin-Whitewater","42.8354490000","-88.7417960000","1","31998.253166136","2"
"524","UPR Mayaguez - University of Puerto Rico, Mayaguez","18.2094440000","-67.1416670000","4","99562.917212552","1"
"525","U Central Florida - University of Central Florida","28.6023120000","-81.2002230000","45","1167939.734231705","1"
"527","Weill Cornell Med College - Weill Cornell Medical College","40.7640470000","-73.9550280000","4","1433967.933121217","1"
"528","CUNY Baruch College - CUNY Baruch College","40.7389660000","-73.9846090000","6","116846.964876161","3"
"530","Oregon Health & Sci U - Oregon Health and Science University","45.4996570000","-122.6852210000","1","181.545947969","2"
"531","Baylor College of Med - Baylor College of Medicine","29.7102270000","-95.3966040000","4","284286.730301328","1"
"534","U Tenn Health Sci Ctr - University of Tennessee Health Science Center","35.1385380000","-90.0337300000","1","15.971052467","1"
"535","CU Denver - University of Colorado, Denver","39.6729875000","-104.9651706000","1","185118.847089650","5"
"540","U Nebraska, Med Ctr - University of Nebraska Medical Center","41.2560310000","-95.9757810000","1","40030.819140308","1"
"541","Baylor U - Baylor University","31.5487300000","-97.1178620000","9","1668884.646578077","1"
"542","CUNY Lehman College - CUNY Lehman College","40.8750440000","-73.8928670000","2","214483.373884833","42"
"543","Mt Sinai Sch of Med - Icahn School of Medicine at Mount Sinai","40.7894750000","-73.9537810000","1","110861.812964002","8"
"545","UPR Rio Piedras - University of Puerto Rico, Rio Piedras","18.4027780000","-66.0500000000","1","217.480816020","1"
"553","U Tenn System - University of Tennessee System","36.1339070000","-86.7484370000","1","66353.733857383","1"
"557","Auburn U - Auburn University","32.6020220000","-85.4860190000","10","2638330.900243309","2"
"558","Colorado-Boulder - University of Colorado, Boulder","40.0051710000","-105.2663940000","32","4626353.109988146","1"
"559","U Connecticut - University of Connecticut","41.8079550000","-72.2567390000","13","834819.514629733","3"
"560","Georgia Tech - Georgia Institute of Technology","33.7726960000","-84.3941720000","71","8686171.314492482","1"
"561","IU - Indiana University","39.1667570000","-86.5269440000","8","13992270.884022708","1"
"563","UKY - University of Kentucky","38.0389110000","-84.5045540000","14","994093.455611703","9"
"564","Louisiana State U - Louisiana State University","30.4049430000","-91.1861830000","1","5196.955518123","4"
"565","U Minn - University of Minnesota","44.9753541000","-93.2330739000","18","1644006.488240064","1"
"566","U Mississippi - University of Mississippi","34.3656920000","-89.5374600000","8","1865376.754632229","2"
"567","St Louis U - Saint Louis University","38.6644820000","-90.3321910000","3","1771.414311560","1"
"568","Fairleigh Dickinson U - Fairleigh Dickinson University","40.8979674000","-74.0292778000","1","9534.843096886","1"
"569","Rutgers U - Rutgers, the State University of New Jersey","39.9480140000","-75.1204870000","24","3772082.974608522","2"
"571","Cornell U - Cornell University","42.4475760000","-76.4760890000","86","37884543.889200823","3"
"573","Pace U - Pace University","40.7115380000","-74.0051660000","2","636654.314055773","20"
"574","Syracuse U - Syracuse University","43.0394020000","-76.1345050000","13","1655895.314742030","1"
"575","U North Dakota - University of North Dakota","47.9222400000","-97.0734360000","6","40091.334456297","1"
"576","Bowling Green State U - Bowling Green State University","41.3748270000","-83.6300200000","4","1648581.071807349","1"
"578","Miami U - Miami University","39.3786280000","-84.5639060000","2","822431.592738162","1"
"579","Ohio State U - Ohio State University","40.0043850000","-83.0176810000","22","4775918.148356104","2"
"580","Ohio U - Ohio University","39.3259589000","-82.1047074000","14","1266733.545448873","16"
"581","U Cincinnati - University of Cincinnati","39.1299790000","-84.5152660000","13","969642.398153347","1"
"582","Oklahoma State U - Oklahoma State University","35.2149448000","-97.4476008000","4","102578.326782706","1"
"583","U Oklahoma - University of Oklahoma","35.1926390000","-97.4434740000","22","5773724.624118784","1"
"584","Indiana U of Penn - Indiana University of Pennsylvania","40.6094830000","-79.1580480000","4","79.855262337","2"
"585","Penn State U - Pennsylvania State University","39.9488960000","-75.1896870000","81","11451783.891696300","2"
"586","U Pittsburgh - University of Pittsburgh","40.4443490000","-79.9532050000","91","4543254.101940233","2"
"587","U South Carolina - University of South Carolina","33.9999490000","-81.0274010000","16","5055303.138062262","1"
"588","College of Wm & Mary - College of William and Mary","37.2707890000","-76.7156670000","2","40761.494790691","1"
"591","U Michigan - University of Michigan","42.2764260000","-83.7391640000","147","47465151.787385364","1"
"593","ND State U - North Dakota State University","46.8915820000","-96.8002520000","1","1286.418366710","4"
"594","U Illinois, Springfield - University of Illinois at Springfield","39.7870030000","-89.6572150000","2","2044.918585064","1"
"598","Florida Intl U - Florida International University","25.7558560000","-80.3722350000","23","1064343.876723438","2"
"604","UT San Antonio - University of Texas at San Antonio","29.5845530000","-98.6124150000","1","127.768419739","3"
"608","U San Diego - University of San Diego","32.7710640000","-117.1907380000","6","98016.594921704","2"
"611","UT Hlth Sci Ctr Houston - University of Texas Health Science Center at Houston","29.7030500000","-95.4031990000","2","13520.244556740","1"
"612","U Houston-Clear Lake - University of Houston-Clear Lake","29.5785390000","-95.1041540000","1","85.844407012","2"
"615","BYU - Brigham Young University","40.2485840000","-111.6487490000","2","817486.805165637","1"
"616","U Akron - University of Akron","41.0776710000","-81.5137940000","4","2406.887516376","1"
"617","U Houston-Downtown - University of Houston-Downtown","29.7661090000","-95.3591440000","2","807.037244993","1"
"618","U Kansas - University of Kansas","38.9584580000","-95.2476260000","6","269379.998752261","1"
"619","U Alaska, Fairbanks - University of Alaska, Fairbanks","64.8551010000","-147.8242400000","2","22161.706906232","7"
"621","U District of Columbia - University of the District of Columbia","38.9433880000","-77.0631970000","3","4.616632353","1"
"634","BNL - Brookhaven National Laboratory","40.8733460000","-72.8720570000","1","711.959573273","3"
"644","IBM - IBM","41.6539880000","-73.9362690000","1","392971.489175868","2"
"646","ORNL - Oak Ridge National Laboratory","35.9333330000","-84.3166670000","1","48476.261775531","5"
"649","TSRI - The Scripps Research Institute","33.8741580000","-117.8496610000","1","9212.801796743","3"
"653","NCAR - NSF National Center for Atmospheric Research","40.0309580000","-105.2460800000","1","16391.665106993","5"
"658","GA - General Atomics","32.8937210000","-117.2345500000","2","9.981907792","1"
"701","LANL - Los Alamos National Laboratory","35.8756880000","-106.3287210000","1","1128173.310874040","5"
"712","STScI - Space Telescope Science Institute","39.3314060000","-76.6242640000","1","16113.419427288","74"
"735","NASA Ames - NASA Ames Research Center","37.4230418000","-122.0624380000","1","207.748455923","1"
"741","NASA Goddard - NASA Goddard Space Flight Center","38.9911030000","-76.8554690000","1","162007.236883149","8"
"797","NC Sch Sci and Math - North Carolina School of Science and Mathematics","36.0175000000","-78.9191390000","1","431.717512009","3"
"830","Institute for Advanced Study - Institute for Advanced Study","40.3347450000","-74.6681220000","3","2561198.577578139","1"
"844","NCSA - National Center for Supercomputing Applications","40.1154290000","-88.2240930000","20","71776.530039303","2"
"848","PSC - Pittsburgh Supercomputing Center","40.4466690000","-79.9515740000","12","1676603.655873728","1"
"856","SDSC - San Diego Supercomputer Center","32.8769910000","-117.2340470000","8","147930.500966997","3"
"897","MathWorks - The MathWorks, Inc.","42.2996960000","-71.3503340000","2","948.905109489","2"
"927","Lamont-Doherty Earth Obs - Lamont-Doherty Earth Observatory","41.0011480000","-73.9091490000","1","835452.242809907","3"
"1014","Calif Dept of Water Resources - California Department of Water Resources","38.5756500000","-121.4975500000","1","21135.317237507","14"
"1095","Carnegie Sci Ctr - Carnegie Science Center","40.4457050000","-80.0181520000","1","48408.010481003","2"
"1128","NIST - National Institute of Standards and Technology","39.1443360000","-77.2164610000","2","937206.687878220","2"
"1260","NIH - National Institutes of Health","38.9977140000","-77.1066330000","1","161.582132385","1"
"1358","Anderson Cancer Center - The University of Texas MD Anderson Cancer Center","29.7072110000","-95.3971820000","1","16002.121155405","1"
"1361","Mass Gen Hospital - Massachusetts General Hospital","42.3632320000","-71.0691160000","2","24542.267140807","1"
"1376","Magee-Womens Res Inst - Magee-Womens Research Institute","40.4371890000","-79.9625670000","1","275085.407698546","1"
"1410","UT Med Branch - University of Texas Medical Branch at Galveston","29.3112430000","-94.7772880000","2","658985.838168319","5"
"1453","Nova SE U - Nova Southeastern University","26.0785880000","-80.2432430000","4","21370.640713706","3"
"1458","Washington and Lee U - Washington and Lee University","41.5032680000","-81.5654930000","1","146549.379250109","1"
"1523","Ames Lab - Ames Laboratory","37.4230418000","-122.0624380000","1","3102.002620250","3"
"1622","SIO - Scripps Institution of Oceanography","32.8643280000","-117.2524520000","2","32448.936302950","2"
"1709","U Mass Med Sch - University of Massachusetts Medical School","42.2778340000","-71.7616760000","1","188152.972736914","64"
"1719","Harvard Med Sch - Harvard Medical School","42.3362000000","-71.1042130000","4","311517.000436708","2"
"1747","AMNH - American Museum of Natural History","40.7809730000","-73.9741160000","5","449004.055150040","1"
"1769","Florida A&M U - Florida A&M University","30.4301990000","-84.2876530000","5","1393209.183355168","15"
"1771","NC Central U - North Carolina Central University","35.9729820000","-78.8962889000","2","6806.163828061","2"
"1774","NETL - National Energy Technology Laboratory","44.6205300000","-123.1208200000","2","22917.711647638","2"
"1789","ANL - Argonne National Laboratory","41.7130410000","-87.9605350000","3","2134056.772100567","1"
"1790","LBNL - Lawrence Berkeley National Laboratory","37.8749210000","-122.2528980000","5","939441.137937488","27"
"1792","JPL - Jet Propulsion Laboratory","34.1976120000","-118.1753370000","8","38819.514629733","1"
"1793","Fermilab - Fermi National Accelerator Laboratory","41.8319440000","-88.2572220000","2","23672576.579948842","45"
"1812","Individual/Unaffiliated - Individual / Unaffiliated",\N,\N,"1","0.499095389","2"
"1869","Purdue - Purdue University","40.4311950000","-86.9142460000","1741","10876926.944912346","31"
"1918","St Joseph's U - Saint Joseph's University","39.9952830000","-75.2361620000","1","0","6"
"1919","U Pittsburgh Sch of Med - University of Pittsburgh School of Medicine","40.4431110000","-79.9613430000","3","611349.054838105","4"
"1924","SUNY Stony Brook - SUNY at Stony Brook","40.9139970000","-73.1161840000","6","177787.260590180","1"
"1967","UCAR - University Corporation for Atmospheric Research","40.0309580000","-105.2460800000","1","50646.827624929","15"
"1976","Computer Sciences Corp. - Computer Sciences Corporation","38.8629610000","-77.2156170000","2","538.024829995","1"
"1979","U Memphis - University of Memphis","35.1171850000","-89.9368000000","7","8168687.129577640","5"
"2019","Albany State U - Albany State University","31.5703710000","-84.1441470000","1","13518.123401335","2"
"2020","James Madison U - James Madison University","38.4355620000","-78.8707240000","2","2018.840850957","1"
"2038","U South Dakota - University of South Dakota","42.7860350000","-96.9253400000","1","573.834924199","2"
"2041","CU Colorado Springs - University of Colorado, Colorado Springs","38.8925360000","-104.8009593000","5","183.916651069","1"
"2058","TACC - Texas Advanced Computing Center","30.3844660000","-97.7238520000","1","12294.965375257","1"
"2075","Elizabeth City State U - Elizabeth City State University","36.2812000000","-76.2151200000","1","47.663609707","1"
"2096","UC Merced - University of California, Merced","37.3660000000","-120.4235000000","21","513039.490922702","1"
"2112","CUNY Queensborough CC - CUNY Queensborough Community College","40.7554810000","-73.7583630000","1","126063.634662174","1"
"2128","U Minn, Duluth - University of Minnesota, Duluth","46.8181790000","-92.0840860000","1","0.998190779","2"
"2130","ARCADIS - ARCADIS","45.7845370000","12.2228333000","2","800.549004928","1"
"2133","Drake U - Drake University","41.6046940000","-93.6521570000","1","590.928941293","1"
"2163","Predictive Science - Predictive Science, Inc.","32.9003490000","-117.1784000000","3","3000.811030008","4"
"2192","Wofford College - Wofford College","34.9578320000","-81.9352620000","1","3.867989269","1"
"2215","Brigham and Women's Hospital - Brigham and Women's Hospital","42.3423690000","-71.0969920000","1","7.486430844","1"
"2236","Indiana U Kokomo - Indiana University, Kokomo","40.4636660000","-86.1315250000","3","113.169879593","1"
"2254","Hendrix College - Hendrix College","35.1007270000","-92.4365210000","1","6546.135130076","2"
"2259","Texas State U - Texas State University","29.8901200000","-97.9386900000","1","11092.769355543","1"
"2277","US FDA - US Food and Drug Administration","38.8955980000","-77.0138610000","2","503548.069124711","17"
"2290","Winona State U - Winona State University","44.0474700000","-91.6432790000","46","37559.797866367","8"
"2292","Nvidia - Nvidia Corporation","37.3701610000","-121.9642010000","1","1099.382369455","1"
"2299","Kentucky State U - Kentucky State University","38.2009200000","-84.8574500000","2","535.903674589","1"
"2302","CUNY City Tech - CUNY New York City College of Technology","40.6955770000","-73.9874480000","1","235840.039927631","2"
"2306","U Tampa - University of Tampa","27.9471700000","-82.4668980000","1","853.702663921","2"
"2343","Va Inst of Marine Sci - Virginia Institute of Marine Science","37.2491100000","-76.4994900000","1","151926.009108490","2"
"2349","UT Hlth Sci Ctr San Antonio - University of Texas Health Science Center at San Antonio","29.5083400000","-98.5733700000","1","0.748643084","1"
"2410","Towson U - Towson University","39.3935500000","-76.6112700000","9","18939.297523239","1"
"2416","Trine U - Trine University","41.6359090000","-85.0050830000","8","2097.323600973","1"
"2441","St Francis U - Saint Francis University","40.5025300000","-78.6384400000","1","599.787884459","1"
"2445","Coastal Carolina U - Coastal Carolina University","33.7950130000","-79.0117170000","13","75488.926321043","1"
"2447","Murray State U - Murray State University","36.6152310000","-88.3226910000","3","207848.399775407","2"
"2455","Warren Wilson College - Warren Wilson College","35.6146700000","-82.4421400000","3","22938.049784765","1"
"2533","W Texas A&M U - West Texas A&M University","34.9814580000","-101.9159900000","7","128349.616320419","1"
"2560","CUNY Staten Island - CUNY College of Staten Island","40.6047600000","-74.1492300000","4","450800.174683386","2"
"2565","Seattle Children's Res Inst - Seattle Children's Research Institute","47.6160870000","-122.3341070000","1","8006.363466217","2"
"2630","U North Georgia - University of North Georgia","34.5315900000","-83.9868700000","9","115957.951213425","3"
"2647","Rowan U - Rowan University","39.7105000000","-75.1180600000","4","101300.143489924","5"
"2656","Austin Peay State U - Austin Peay State University","36.5382400000","-87.3540400000","1","3101.004429471","7"
"2661","WEMSS Lab - WEMSS Lab","42.4000770000","-71.1353320000","1","899.868987460","1"
"2673","Dana-Farber Cancer Inst - Dana-Farber Cancer Institute","42.3375250000","-71.1076490000","2","331.773660240","1"
"2698","MCPHS U - Massachusetts College of Pharmacy and Health Sciences","42.3365380000","-71.1013270000","1","2600.661301391","1"
"2708","CSU-Monterey Bay - California State University-Monterey Bay","36.6530540000","-121.8002570000","1","45778.651194709","2"
"2748","U Arkansas, Med. Sci - University of Arkansas for Medical Sciences","34.7501120000","-92.3203650000","2","10104.810031817","7"
"2835","Spelman College - Spelman College","33.7450390000","-84.4139540000","1","22.584066379","1"
"2855","UNC Wilmington - University of North Carolina, Wilmington","34.2258370000","-77.8697800000","2","4472.518560109","4"
"2879","JILA - JILA","40.0074750000","-105.2684350000","1","169720.631355667","2"
"2900","Cal Poly Pomona - California State Polytechnic University, Pomona","34.0569930000","-117.8217580000","26","1647151.413063821","1"
"2908","CUNY Manhattan CC - CUNY Borough of Manhattan Community College","40.7183980000","-74.0119210000","1","13470.210243932","95"
"2985","Globus - Globus","41.7907030000","-87.6009920000","1","1582.007611204","1"
"2989","TAMIU - Texas A&M International University","27.5738690000","-99.4350410000","2","230511.947095888","1"
"3119","Trinity College - Trinity College","41.7470540000","-72.6903500000","1","1359.036745898","1"
"3223","JHU Sch of Med - Johns Hopkins University School of Medicine","39.2988890000","-76.5941670000","4","50322.290847838","1"
"3258","UC Berkeley Extension - UC Berkeley Extension","37.8721160000","-122.2733488000","1","39817.331087404","10"
"3275","CAIDA - Center for Applied Internet Data Analysis","32.8801000000","-117.2340000000","2","632.852954020","1"
"3290","Self Employed - Self Employed",\N,\N,"1","20.587684821","1"
"3341","U Michigan Medical - University of Michigan Medical School","42.2838750000","-83.7296020000","2","67498.908228835","1"
"3401","Western U Health Sci - Western University of Health Sciences","34.0575104000","-117.7449418000","1","226484.746397155","1"
"3517","JHU APL - Johns Hopkins University Applied Physics Lab","39.1645203000","-76.8983569000","1","52898.371701291","1"
"3532","Allen Institute - Allen Institute for Brain Science","47.6493170000","-122.3520095000","1","377990.891509139","2"
"3595","St. Edward's U - St. Edward's University","30.2289467000","-97.7548351000","1","193.025141930","1"
"3605","Boston Children's Hosp - Boston Children's Hospital","42.3374299000","-71.1054641000","1","0","1"
"3657","VAI - Van Andel Institute","42.9695000000","-85.6670000000","1","232592.176679767","14"
"3671","SCEC - Statewide California Earthquake Center","34.0194130951","-118.2861615467","1","1323.975294778","1"
"3683","Robert Morris U - Robert Morris University","40.5215511000","-80.2141102000","5","286828.124025204","3"
"3723","Smithsonian Institution - Smithsonian Institution","38.8886302000","-77.0258674000","3","72939.796618628","1"
"3774","Harvard-Smithsonian CFA - Harvard-Smithsonian Center for Astrophysics","42.3814608000","-71.1303604000","3","6055144.176180672","1"
"3896","High Point - High Point University","35.9720211000","-79.9948860000","1","71559.173997130","1"
"3949","Rutgers-Camden - Rutgers University-Camden","39.9481501000","-75.1224065000","3","341765.549940732","22"
"4013","DSU - Delaware State University","39.1865565000","-75.5427530000","4","148595.919895189","628"
"4025","Internet2 - Internet2","38.9044200000","-77.0443387000","4","73.990891509","1"
"4053","Miami Dade College","25.7776362668","-80.1909728606","1","54.027075924","1"
"4119","Saint Anselm College - Saint Anselm College","42.9874723000","-71.5072307000","1","332.896624867","2"
"4153","Florida Southern College - Florida Southern College","28.0325400000","-81.9486828000","16","23411.816083348","2"
"4461","KGI - Keck Graduate Institute","34.0929344000","-117.7257678000","2","58330.650695614","9"
"4477","Augusta U - Augusta University","33.4684904000","-82.0571535000","3","219255.848774096","1"
"4647","U Pittsburgh, Greensburg - University of Pittsburgh at Greensburg","40.2760332000","-79.5322837000","3","75.862499220","2"
"4888","Cincinnati Children's Hosp - Cincinnati Children's Hospital Medical Center","39.1408910000","-84.5008700000","1","4604.154969118","1"
"4927","Jackson Lab Genomic Med - The Jackson Laboratory for Genomic Medicine","42.8546926000","-71.7422089000","1","16.345374009","1"
"4980","VMI - Virginia Military Institute","37.7888981000","-79.4394600000","4","78466.155093892","5"
"5243","SCCWRP - Southern California Coastal Water Research Project","33.6969920000","-117.9212179000","1","28217.855137563","1"
"5354","Augustana U - Augustana University","43.5226043000","-96.7396893000","14","212.988957514","1"
"5488","Florida Polytechnic U - Florida Polytechnic University","28.1521186000","-81.8503185000","2","101758.936926820","1"
"5597","CUNY Graduate School and University Center - CUNY Graduate School and University Center",\N,\N,"2","53294.528666791","2"
"5619","GGC - Georgia Gwinnett College","33.9800484000","-84.0046917000","1","6081.976417742","1"
"5635","up - University of Portland","45.5729483000","-122.7281170000","2","10229.958200761","1"
"5771","pstcc - Pellissippi State Community College","35.9479494000","-84.1678830000","1","9.233264707","2"
"5857","franciscan - Franciscan University of Steubenville","40.3763360000","-80.6227977000","1","90.960134755","2"
"6330","Ferris - Ferris State University","43.6844474000","-85.4834607000","4","22967.745960446","6"
"7716","MIT PRIMES","42.3602653825","-71.0942136482","1","11176.617380996","2"
"9433","simonsfoundation - Simons Foundation, Flatiron Institute","40.7400494000","-73.9909238000","1","578.326782706","24"
"10373","dixie - Dixie State University","37.1031504000","-113.5653916000","2","436021.835423295","2"
"10380","UTSA - The University of Texas at San Antonio","29.0000000000","-88.0000000000","4","718102.938424106","2"
"10555","UD IT Research Computing - University of Delaware IT Research Computing","38.7799740000","-75.1629440000","1","33.439391103","1"
"11294","hccs - Houston Community College","29.7213949000","-95.4575811000","1","0","1"
"12406","Prarieview - Prarieview A&M","30.0940220000","-95.9901587000","4","3.867989269","1"
"12645","Mayo Clinic","43.9748000000","-92.4611000000","1","94468.525796992","4"
"12704","csuci.edu - California State University-Channel Islands","34.1610694000","-119.0433327000","9","4883.398839603","1"
"13161","bergen.edu - Bergen community College","40.9510209000","-74.0883568000","1","56.896874415","6"
"13301","thewaterinstitute.org - The Water Institute of the Gulf","30.4371533000","-91.1918296000","1","113392.725684696","1"
"13402","Fullerton College","33.8704000000","-117.9242000000","1","0.873416931","1"
"13479","Physical Studies Inst - Physical Studies Institute LLC",\N,\N,"1","2418.990579574","6"
"13656","LCPRA - Louisiana Coastal Protection & Restoration Authority","30.4360815000","-91.1888963000","1","11500.530288851","1"
"13768","ariscience.com - Alamgir Research Inc","42.3175543000","-71.3648057000","1","1230886.393411940","82"
"13798","University of Hawaii","21.3146530000","-157.8080770000","1","41.175369642","3"
"13863","Univ of Mississippi Medical Center - University of Mississippi Medical Center","32.3308713882","-90.1743083686","1","4373.073803730","1"
"13960","Columbia River Inter-Tribal - Columbia River Inter-Tribal Fish Commission","45.5311250000","-122.6582350000","2","62.012602158","1"
"13977","University of Dallas","32.8451070000","-96.9258070000","6","12421.985151912","3"
"14000","moffattnichol.com - Moffatt & Nichol","33.8254373000","-118.1440502000","1","99566.660427974","16"
"14249","saintmarys - Saint Mary's College","41.7073537000","-86.2567803000","2","1415.808846465","1"
"14325","moravian - Moravian University","40.6303100000","-75.3815020000","14","22395.533096263","1"
"14350","Brigham and Women's Hospital, Boston - Brigham and Women's Hospital, Boston","42.3355661000","-71.1084739000","1","104910.349990641","33"
"14377","Moffitt Cancer Center","28.0161908000","-82.5333120000","8","59746.584315927","1"
"14379","LIBD - Lieber Institute for Brain Development","39.3004917000","-76.5939154000","2","246675.400835984","18"
"14449","StonyBrook - Institute for Advanced Computational Science at Stony Brook University",\N,\N,"4","61662.611516626","1"
"14450","Child Mind - Child Mind Institute","40.7608700000","-73.9708200000","18","2015618.441574645","1"
"14514","Atrium Health - Atrium Health","35.2062849000","-80.8404001000","1","40995.445754569","2"
"14716","Angelo State U - Angelo State University","31.4382686000","-100.4624649000","5","275.001559673","2"
"14746","Texas A&M U-San Antonio - Texas A&M University-San Antonio","34.5262098000","-98.1519709000","1","2177.303637157","1"
"14780","HPC Advisory Council - HPC Advisory Council","37.3799719000","-121.9899110000","1","5190.342504211","2"
"14911","SJC Brooklyn - St. Joseph's College - New York - Brooklyn","40.6904954000","-73.9698663000","3","1179.611953334","2"
"14917","SJC Long Island - St. Joseph's College - New York - Long Island","40.7759090000","-73.0247580000","2","0","2"
"15075","Indiana U, Bloomington - Indiana University, Bloomington","39.1719982000","-86.5249189000","2","4667524.736415247","17"
"15537","Loma Linda U - Loma Linda University","34.0519014000","-117.2618770000","1","159.960072368","1"
"15737","Nazareth College - Nazareth College","43.1028694000","-77.5217943000","1","7.985526233","1"
"15803","Texas A&M AgriLife Research - Texas A&M AgriLife Research","30.6056220000","-96.3509430000","4","3373.260964501","1"
"15967","Tokyo Electron America, Inc. - Tokyo Electron America","30.2222143000","-97.7119265000","3","406095.451993262","1"
"16065","CU Anschutz - University of Colorado, Anschutz Medical Campus","39.0210630000","-105.6141028000","2","26.077734106","1"
"16594","Baruch College","40.7404290000","-73.9839100000","1","3268.076611142","2"
"16660","Air Liquide - Air Liquide","29.7826700000","-95.5363600000","1","897.872605901","2"
"16792","St. Thomas Aquinas Colleg","41.0299610000","-73.9282680000","1","253.665231767","1"
"16826","CWorthy","26.2236900000","-80.1270000000","1","39.927631168","7"
"16892","Point Loma Nazarene University","32.7173190000","-117.2506710000","1","17.967434025","2"
"16893","White Dwarf Research Corporation","39.8609500000","-105.2850000000","1","1403752.323912907","1"
"16998","HCU - Houston Christian University","29.6948600000","-95.5162600000","2","693.992139247","1"
"17089","[C]Worthy - [C]Worthy",\N,\N,"1","3335.828810281","1"
"17254","IPHC - International Pacific Halibut Commission","47.6609200000","-122.3858000000","1","58712.209120968","62"
"17485","columbiasc - Columbia College SC","34.0456900000","-81.0309200000","4","52655.561794247","4"
"17947","Intracoastal Consultants, LLC","30.4267100000","-91.1316200000","1","15.222409382","2"
"18013","sjcd.edu - San Jacinto College","29.6594600000","-95.1135800000","4","0","1"
"18640","DHS - US Department of Homeland Security","38.9059800000","-77.0243100000","1","3.992763116","1"
"19531","Irvington High School, Fremont CA","37.5243100000","-121.9669000000","1","3260.839727993","1"
"20059","Saginaw Valley State University","43.5136100000","-83.9611700000","34","11048.225092020","2"
"20291","Pima Community College","32.2333100000","-110.9848500000","1","8.983717012","2"
"21115","ATTMOS Inc.","42.7254500000","-84.4791500000","3","327829.808472144","4"
"21346","Xavier University","39.1499700000","-84.4741000000","32","3640.526545636","1"
"21446","Ivy Tech","39.8053300000","-86.1599100000","6","211.242123650","2"
"21876","Solid Power Operating, Inc.","39.9635800000","-105.1217300000","2","240382.182294591","3"
"22273","Parallax Advanced Research Corporation","39.8103619000","-84.7921688000","1","2.245929253","1"
"23463","Sheetz","40.5100000000","-78.4000000000","2","134.007112109","3"
"23557","Corban University","44.8825000000","-122.9586110000","1","838485.744587934","7"
"23590","Contramont Research","43.0680479000","-89.4745221000","1","1409.944475637","3"
"23623","TAMUCT - Texas A&M University-Central Texas","31.0528000000","-97.7739000000","1","0.124773847","1"
"24153","Capitol Technology University","39.0475000000","-76.8515000000","1","1286.917462099","1"
"24184","Brazosport College","29.0447860000","-95.4079070000","2","0","4"
"24251","Hill College","32.3279900000","-97.4362500000","1","2.245929253","1"
"24283","Alvin Community College","29.3961110000","-95.2405560000","1","2.994572337","2"
"24316","Francis Parker School","32.7716400000","-117.1773900000","1","1052.966498221","1"
